-- MySQL dump 10.13  Distrib 5.6.16, for Linux (x86_64)
--
-- Host: localhost    Database: crawler_test
-- ------------------------------------------------------
-- Server version	5.6.16

/*!40101 SET @OLD_CHARACTER_SET_CLIENT=@@CHARACTER_SET_CLIENT */;
/*!40101 SET @OLD_CHARACTER_SET_RESULTS=@@CHARACTER_SET_RESULTS */;
/*!40101 SET @OLD_COLLATION_CONNECTION=@@COLLATION_CONNECTION */;
/*!40101 SET NAMES utf8 */;
/*!40103 SET @OLD_TIME_ZONE=@@TIME_ZONE */;
/*!40103 SET TIME_ZONE='+00:00' */;
/*!40014 SET @OLD_UNIQUE_CHECKS=@@UNIQUE_CHECKS, UNIQUE_CHECKS=0 */;
/*!40014 SET @OLD_FOREIGN_KEY_CHECKS=@@FOREIGN_KEY_CHECKS, FOREIGN_KEY_CHECKS=0 */;
/*!40101 SET @OLD_SQL_MODE=@@SQL_MODE, SQL_MODE='NO_AUTO_VALUE_ON_ZERO' */;
/*!40111 SET @OLD_SQL_NOTES=@@SQL_NOTES, SQL_NOTES=0 */;

--
-- Dumping data for table `crawler`
--

LOCK TABLES `crawler` WRITE;
/*!40000 ALTER TABLE `crawler` DISABLE KEYS */;
REPLACE INTO `crawler` VALUES (1,'youku_cat_newest'),(2,'youku_cat_hottest'),(4,'youtube_hottest'),(8,'sohu_yule_newest'),(16,'ifeng_ent_newest'),(32,'youtube_channel'),(64,'youtube_search_video'),(128,'youtube_search_channel'),(256,'youku_order');
/*!40000 ALTER TABLE `crawler` ENABLE KEYS */;
UNLOCK TABLES;

--
-- Dumping data for table `episode`
--

LOCK TABLES `episode` WRITE;
/*!40000 ALTER TABLE `episode` DISABLE KEYS */;
/*!40000 ALTER TABLE `episode` ENABLE KEYS */;
UNLOCK TABLES;

--
-- Dumping data for table `keyword`
--

LOCK TABLES `keyword` WRITE;
/*!40000 ALTER TABLE `keyword` DISABLE KEYS */;
REPLACE INTO `keyword` VALUES (1,'搞笑','video','搞笑',2),(2,'英雄联盟','video','游戏',2),(3,'预告片','video','娱乐',2),(4,'明星','video','娱乐',2),(5,'最新','video','其他',2),(6,'游戏','video','游戏',2),(7,'人气','video','娱乐',2),(8,'音乐','video','其他',2);
/*!40000 ALTER TABLE `keyword` ENABLE KEYS */;
UNLOCK TABLES;

--
-- Dumping data for table `ordered`
--

LOCK TABLES `ordered` WRITE;
/*!40000 ALTER TABLE `ordered` DISABLE KEYS */;
REPLACE INTO `ordered` VALUES ('UC_KWBGMEUFQRWQHA4VGEApw','健康','2014-08-08 17:30:26',0),('UC-2Y8dQb0S6DtpxNgAKoJKA','其他','2014-07-23 15:07:37',1),('UC-L6JCPaLSDsP9eLkONGgFQ','其他','2014-07-23 15:07:54',1),('UC-lHJZR3Gqxm24_Vd_AJ5Yw','娱乐','2014-07-23 15:08:10',1),('UC2-BeLxzUBSs0uSrmzWhJuQ','娱乐','2014-07-25 18:33:12',1),('UC2MHVOvagKb7h2Qo_UtXmmg','其他','2014-07-25 18:33:02',1),('UC5GfkRipCgMWa9asGx8S68Q','娱乐','2014-07-25 18:32:53',1),('UC5l1Yto5oOIgRXlI4p4VKbw','其他','2014-07-25 18:33:00',1),('UC5nb7_akA1jj5p2D1hJQLyg','游戏','2014-08-06 10:44:24',0),('UC84yYdCwQLtsNhwVJndQggw','其他','2014-07-25 18:33:04',1),('UC9UVSM-UqC9HQn28_dhZypQ','时尚','2014-08-08 17:50:56',0),('UCahKjkez9olNwcpc5pZwzvg','娱乐','2014-08-06 10:44:24',0),('UCBcIWZhWqUwknlxikVHQoyA','其他','2014-07-23 15:08:18',1),('UCBJTXkmJJP5ttqSlZo3a17A','游戏','2014-08-06 10:44:24',0),('UCDByd1QSyVIR01cCqTHYv3Q','游戏','2014-08-06 10:44:24',0),('UCdUdP5BeOsua_j3u-0ZbL5w','娱乐','2014-08-08 17:10:33',0),('UCdyLbMOMLPJX8HW4jWIJLYA','时尚','2014-08-08 17:34:05',0),('UCE-M1BWmaXwAWPJ_iRzgzFg','游戏','2014-08-06 10:44:24',0),('UCekadoaN7x7g7FlmKg13jWg','游戏','2014-08-06 10:44:24',0),('UCEQ7LZmWKb39yFw2OKHBKMQ','其他','2014-08-08 17:26:49',0),('UCeqUUXaM75wrK5Aalo6UorQ','娱乐','2014-07-25 18:32:58',0),('UCF0pVplsI8R5kcAqgtoRqoA','其他','2014-07-23 15:08:25',1),('UCgJjd8J5moTQSwnCIx4WSIw','娱乐','2014-07-23 15:08:32',1),('UCgNBSxvqQMhVYBo-XSnmbqg','游戏','2014-08-06 10:44:24',0),('UCgO0J4fCNTyU-PibDiNEFjQ','游戏','2014-08-06 10:44:24',0),('UCi_YUtZtvuflhpyCBjS_i8A','其他','2014-07-25 18:32:57',1),('UCi8e0iOVk1fEOogdfu4YgfA','娱乐','2014-07-25 18:33:07',0),('UCjmJDM5pRKbUlVIzDYYWb6g','娱乐','2014-07-25 18:33:09',1),('UCKl0gSq0JOcdzXTrS4gk2cg','时尚','2014-08-08 17:22:30',0),('UCkR0GY0ue02aMyM-oxwgg9g','娱乐','2014-07-25 18:33:11',1),('UCmEbe0XH51CI09gm_9Fcn8Q','动漫','2014-08-08 17:20:00',0),('UCMFYhD8q1axdmdVR30EDExA','娱乐','2014-08-08 17:52:56',0),('UCo1m64i9MujTM286AW8_3mA','搞笑','2014-07-25 17:16:36',1),('UCOdHwyB1YmTx_j4uLFE9pNA','汽车','2014-08-08 17:15:42',0),('UCpB959t8iPrxQWj7G6n0ctQ','游戏','2014-08-06 10:44:24',0),('UCpDJl2EmP7Oh90Vylx0dZtA','音乐','2014-07-23 15:08:39',1),('UCq-Fj5jknLsUf-MWSy4_brA','其他','2014-07-23 15:08:48',1),('UCq0OueAsdxH6b8nyAspwViw','娱乐','2014-07-25 18:33:06',1),('UCQEXGI1msO1vtK9gv9z_sSw','搞笑','2014-08-08 17:19:08',0),('UCqhnX4jA0A5paNd1v-zEysw','娱乐','2014-08-08 16:56:48',0),('UCRNAb3chSScskscLLc_4LpA','搞笑','2014-08-08 17:47:42',0),('UCszpoLpGX_jGYJcAMOJvICQ','游戏','2014-08-06 10:44:24',0),('UCu91ggq1m4fUjNUaAZksHDQ','游戏','2014-08-06 10:44:24',0),('UCUHW94eEFW7hkUMVaZz4eDg','娱乐','2014-07-23 15:09:04',1),('UCVg4n4pK6sRRYSOUFCmm6Xg','游戏','2014-08-06 10:44:24',0),('UCVJWMJivK-w1AfIZxLAlEfg','娱乐','2014-07-25 18:33:10',1),('UCVYXLIQAGfTJ0RcPeoDeSKg','游戏','2014-08-06 10:44:24',0),('UCwos4KCWom07Nx_4Y4a5Ygw','其他','2014-08-08 17:43:59',0),('UCz97F7dMxBNOfGYu3rx8aCw','娱乐','2014-07-23 15:09:12',1),('UCzdu3g9Flm5U5VvlXDlskDQ','游戏','2014-08-06 10:44:24',0),('UCzIq3FGf6n8EHWcZMvzrlhg','游戏','2014-08-06 10:44:24',0),('UCzvrwmsTGN9RbqVqMJymxhg','搞笑','2014-08-08 17:45:02',0),('UMTMyNTI0NDUyOA==','其他','2014-07-23 16:53:53',1),('UMzI5NzMwNzE2','其他','2014-07-23 16:53:28',1);
/*!40000 ALTER TABLE `ordered` ENABLE KEYS */;
UNLOCK TABLES;

--
-- Dumping data for table `owner`
--

LOCK TABLES `owner` WRITE;
/*!40000 ALTER TABLE `owner` DISABLE KEYS */;
REPLACE INTO `owner` VALUES (23481,NULL,'UCF0pVplsI8R5kcAqgtoRqoA',NULL,NULL,NULL,NULL,NULL,NULL,NULL,NULL,NULL,NULL,'https://www.youtube.com/channel/UCF0pVplsI8R5kcAqgtoRqoA',2),(23482,NULL,'UC-L6JCPaLSDsP9eLkONGgFQ',NULL,NULL,NULL,NULL,NULL,NULL,NULL,NULL,NULL,NULL,'https://www.youtube.com/channel/UC-L6JCPaLSDsP9eLkONGgFQ',2),(23483,NULL,'UCBcIWZhWqUwknlxikVHQoyA',NULL,NULL,NULL,NULL,NULL,NULL,NULL,NULL,NULL,NULL,'https://www.youtube.com/channel/UCBcIWZhWqUwknlxikVHQoyA',2),(23485,NULL,'UC-lHJZR3Gqxm24_Vd_AJ5Yw','PewDiePie','Businessy stuff: business dot pewdiepie at gmail dot com',5495217433,29474552,NULL,NULL,NULL,'2014-08-08 18:00:57',4,NULL,'https://www.youtube.com/channel/UC-lHJZR3Gqxm24_Vd_AJ5Yw',2),(23486,NULL,'UC-2Y8dQb0S6DtpxNgAKoJKA','PlayStation','Welcome to the official home of PlayStation on YouTube. \n\nHere you\'ll find the latest videos about your favorite PlayStation products direct from Sony Computer Entertainment, as well as consumer generated clips from other PlayStation fans.  To stay up to date, be sure to subscribe above  and check back often for the new game trailers, behind-the-scenes footage, in-game moments, tips and tricks and exclusive sneak peeks.',465925912,2604122,NULL,NULL,NULL,'2014-08-08 18:00:25',4,NULL,'https://www.youtube.com/channel/UC-2Y8dQb0S6DtpxNgAKoJKA',2),(23487,NULL,'UCqhnX4jA0A5paNd1v-zEysw','GoPro','We make the World\'s Most Versatile Camera.™ Join us for new videos every week!',524411300,2130149,NULL,NULL,NULL,'2014-08-08 18:00:26',4,NULL,'https://www.youtube.com/channel/UCqhnX4jA0A5paNd1v-zEysw',2),(23488,NULL,'UCz97F7dMxBNOfGYu3rx8aCw','Sony Pictures Entertainment','Welcome to the official channel for Sony Pictures Entertainment. Subscribe now to have the first looks at our films including the latest movie trailers, clips, and featurettes! Stay tuned for some behind the scenes content and messages from your favorite actors! \n\nUpcoming movies in theaters: When the Game Stands Tall (August 22), No Good Deed (September 12), The Equalizer (September 26), The Interview (October 10), Fury (November 14), Annie (December  19)',NULL,513458,NULL,NULL,NULL,'2014-08-08 18:00:56',4,NULL,'https://www.youtube.com/channel/UCz97F7dMxBNOfGYu3rx8aCw',2),(23489,NULL,'UCUHW94eEFW7hkUMVaZz4eDg','MinutePhysics','Simply put: cool physics and other sweet science.\n\n\"If you can\'t explain it simply, you don\'t understand it well enough.\"\n~Rutherford via Einstein? (wikiquote)\n\nCreated by Henry Reich',177226544,2445253,NULL,NULL,NULL,'2014-07-23 17:36:35',4,NULL,'https://www.youtube.com/channel/UCUHW94eEFW7hkUMVaZz4eDg',2),(23490,NULL,'UCgJjd8J5moTQSwnCIx4WSIw','Danger Dolan','Interesting facts about life and the world presented in a quick 5-10 minute list - narrated by Danger Dolan\nNEW VIDEO EVERY 3 DAYS\n- For my gaming channel, refer to http://www.youtube.com/TheDDGuides\n- For business enquiries and long messages, please email theddguides@hotmail.com\n- For general messages, tweet me at https://twitter.com/TheDDGuides\n- To leave anonymous feedback for the channel, drop me a line at: http://whatiswrongwith.me/TheDDGuides',70079762,918393,NULL,NULL,NULL,'2014-08-08 18:00:26',4,NULL,'https://www.youtube.com/channel/UCgJjd8J5moTQSwnCIx4WSIw',2),(23491,NULL,'UCpDJl2EmP7Oh90Vylx0dZtA','Spinnin\' Records','The World\'s #1 Dance Music Channel!\n\nStay up to date with the latest and greatest electronic dance music straight from the world\'s leading record label: Spinnin\' Records!\n\nOur artist roster includes: Martin Garrix, Afrojack, Sander van Doorn, Bingo Players, Tiesto, Nicky Romero, NERVO, Dimitri Vegas & Like Mike, Sunnery James & Ryan Marciano, Sidney Samson, R3hab, Julian Jordan, AVICII, Shermanology, Basto, Firebeatz, Ian Carey, Starkillers, Eric Prydz, Fedde Le Grand, Martin Solveig and the list goes on and on and on..',3056301017,6275928,NULL,NULL,NULL,'2014-08-08 18:00:44',4,NULL,'https://www.youtube.com/channel/UCpDJl2EmP7Oh90Vylx0dZtA',2),(23492,NULL,'UCq-Fj5jknLsUf-MWSy4_brA','T-Series','\"Music can change the world\". T-Series is India\'s No.1 Music label, believes in bringing world close together through its music.\nT-Series is associated with music industry from past three decades, having ample catalogue of music comprising plenty of languages that covers the length & breadth of India. We believes after silence, nearest to expressing the inexpressible is Music. So, all the music lovers who believe in magic of music come join us and live the magic of music with T-Series.',2246641926,5382312,NULL,NULL,NULL,'2014-08-08 18:00:56',4,NULL,'https://www.youtube.com/channel/UCq-Fj5jknLsUf-MWSy4_brA',2),(23640,82432679,'UMzI5NzMwNzE2','smgbb新闻','还未添加频道介绍',1288254891,6094,0,NULL,NULL,'2014-07-29 10:14:44',2,NULL,'http://i.youku.com/u/UMzI5NzMwNzE2',1),(23641,331311132,'UMTMyNTI0NDUyOA==','奇趣视界','分享奇趣视频，传递快乐心情，热点搞笑、美女、奇趣萌葩视频大联播！\r\n参与节目背景音乐获取与讨论、更多精彩节目原视频抢先看，请搜索关注加入我们↓↓\r\n微信公众号：奇趣视界                           \r\n新浪微博：@奇趣视界                               \r\n视频QQ分享群： 320584718 ',117198845,11604,0,NULL,NULL,'2014-07-29 10:14:14',2,NULL,'http://i.youku.com/u/UMTMyNTI0NDUyOA==',1),(35498,NULL,'UCo1m64i9MujTM286AW8_3mA','Funny Clips','Funny videos Funny cats',783662,1526,NULL,NULL,NULL,'2014-08-08 18:00:54',4,NULL,'https://www.youtube.com/channel/UCo1m64i9MujTM286AW8_3mA',2),(35499,NULL,'UC5GfkRipCgMWa9asGx8S68Q','HahaTV','Insanity cannot be described, but we sure as hell made sure that you can watch it. Welcome to the best of fails, hidden camera pranks and funniest compilations. Laugh your heart out, because we promise you\'ll do...',20647198,26125,NULL,NULL,NULL,'2014-07-25 18:29:26',4,NULL,'https://www.youtube.com/channel/UC5GfkRipCgMWa9asGx8S68Q',2),(35500,NULL,'UCi_YUtZtvuflhpyCBjS_i8A',NULL,NULL,NULL,NULL,NULL,NULL,NULL,NULL,4,NULL,'https://www.youtube.com/user/TheChacal537',2),(35501,NULL,'UCeqUUXaM75wrK5Aalo6UorQ','HK Apple Daily 蘋果動新聞','蘋果日報 Fans，24小時陪你睇新聞，你 like 咗未？↓↓↓',925983725,795332,NULL,NULL,NULL,'2014-08-08 15:56:45',32,NULL,'https://www.youtube.com/user/appleactionews',2),(35502,NULL,'UC5l1Yto5oOIgRXlI4p4VKbw','中天電視',NULL,142488801,144359,NULL,NULL,NULL,'2014-08-08 15:49:17',32,NULL,'https://www.youtube.com/user/ctitv',2),(35503,NULL,'UC2MHVOvagKb7h2Qo_UtXmmg',NULL,NULL,NULL,NULL,NULL,NULL,NULL,NULL,4,NULL,'https://www.youtube.com/channel/UC2MHVOvagKb7h2Qo_UtXmmg',2),(35504,NULL,'UC84yYdCwQLtsNhwVJndQggw',NULL,NULL,NULL,NULL,NULL,NULL,NULL,NULL,4,NULL,'https://www.youtube.com/channel/UC84yYdCwQLtsNhwVJndQggw',2),(35505,NULL,'UCq0OueAsdxH6b8nyAspwViw','Universal Pictures','Welcome to the official Universal Pictures YouTube page!',124510261,129274,NULL,NULL,NULL,'2014-08-01 17:40:24',4,NULL,'https://www.youtube.com/channel/UCq0OueAsdxH6b8nyAspwViw',2),(35506,NULL,'UCi8e0iOVk1fEOogdfu4YgfA','MOVIECLIPS Trailers','Welcome! The MOVIECLIPS Trailers channel is your destination for hot new trailers the second they drop. The MOVIECLIPS Trailers team is here day and night to make sure all the hottest new movie trailers are available whenever you want them.\n\nIn addition to hot new trailers, we give you original content like Ultimate Trailers, Instant Trailer Reviews, Monthly Mashups, Awards Show Coverage, and so much more to keep you up-to-date on what\'s new, and what you should be watching.',2111474018,5270533,NULL,NULL,NULL,'2014-08-08 18:00:56',4,NULL,'https://www.youtube.com/channel/UCi8e0iOVk1fEOogdfu4YgfA',2),(35507,NULL,'UCjmJDM5pRKbUlVIzDYYWb6g','Warner Bros. Pictures','Welcome to the official channel for Warner Bros. Pictures. Subscribe now for all our latest movie trailers, clips and featurettes!',NULL,1058109,NULL,NULL,NULL,'2014-08-08 15:52:15',32,NULL,'https://www.youtube.com/user/WarnerBrosPictures',2),(35508,NULL,'UCVJWMJivK-w1AfIZxLAlEfg','CBMTrailers','CBMTrailers is the ultimate source for all the latest official Comic Book Movie, Sci-Fi, Fantasy, Action, Adventure and many more movie Trailers in HD quality, as well as Movie Clips, TV Spots, Featurettes and Original Videos!\n\nContact: CBMTrailers@gmail.com',201450050,156427,NULL,NULL,NULL,'2014-08-08 18:00:56',4,NULL,'https://www.youtube.com/channel/UCVJWMJivK-w1AfIZxLAlEfg',2),(35509,NULL,'UCkR0GY0ue02aMyM-oxwgg9g','MOVIES Coming Soon','The MOVIECLIPS Coming Soon channel is the destination for movie clips, interviews, trailers, TV spots, behind-the-scenes videos, and all promo content for the hottest new movies. MOVIECLIPS Coming Soon has all the newest content in one place. Good luck getting any work done once you start poking around this channel.',664747664,722124,NULL,NULL,NULL,'2014-08-08 18:00:31',4,NULL,'https://www.youtube.com/channel/UCkR0GY0ue02aMyM-oxwgg9g',2),(35510,NULL,'UC2-BeLxzUBSs0uSrmzWhJuQ','20th Century Fox','Official YouTube Channel for 20th Century Fox. Home of Avatar, Aliens, X-Men, Die Hard, Ice Age, Night at the Museum, Rio, Percy Jackson, Maze Runner, Planet of the Apes and many more.',103179678,218058,NULL,NULL,NULL,'2014-08-08 18:00:37',4,NULL,'https://www.youtube.com/channel/UC2-BeLxzUBSs0uSrmzWhJuQ',2),(35511,NULL,'UCekadoaN7x7g7FlmKg13jWg','Garena《英雄聯盟 LoL》','台灣突破百萬會員，20 萬玩家同時在線！風行歐美的多人連線遊戲 ─《英雄聯盟》（League of Legends，簡稱為 LoL）',73058397,275652,NULL,NULL,NULL,'2014-08-08 18:00:38',4,NULL,'https://www.youtube.com/channel/UCekadoaN7x7g7FlmKg13jWg',2),(35554,NULL,'UC5nb7_akA1jj5p2D1hJQLyg','MusStudio','本團隊主要翻譯及製作《英雄聯盟》影片',34605536,148748,NULL,NULL,NULL,'2014-08-08 15:51:25',32,NULL,'https://www.youtube.com/user/MSSMusStudio',2),(35555,NULL,'UCE-M1BWmaXwAWPJ_iRzgzFg',NULL,NULL,NULL,NULL,NULL,NULL,NULL,NULL,4,NULL,'https://www.youtube.com/channel/UCE-M1BWmaXwAWPJ_iRzgzFg',2),(35556,NULL,'UCgO0J4fCNTyU-PibDiNEFjQ',NULL,NULL,NULL,NULL,NULL,NULL,NULL,NULL,4,NULL,'https://www.youtube.com/channel/UCgO0J4fCNTyU-PibDiNEFjQ',2),(35557,NULL,'UCpB959t8iPrxQWj7G6n0ctQ','SSSniperWolf','Hi I\'m Lia! I like to make videos and play games, cosplay, draw, etc. Subscribe and become a part of the community! :D',42085095,677424,NULL,NULL,NULL,'2014-08-08 18:00:35',4,NULL,'https://www.youtube.com/channel/UCpB959t8iPrxQWj7G6n0ctQ',2),(35558,NULL,'UCzIq3FGf6n8EHWcZMvzrlhg',NULL,NULL,NULL,NULL,NULL,NULL,NULL,NULL,4,NULL,'https://www.youtube.com/user/amu0813',2),(35559,NULL,'UCszpoLpGX_jGYJcAMOJvICQ',NULL,NULL,NULL,NULL,NULL,NULL,NULL,NULL,4,NULL,'https://www.youtube.com/channel/UCszpoLpGX_jGYJcAMOJvICQ',2),(35560,NULL,'UCBJTXkmJJP5ttqSlZo3a17A',NULL,NULL,NULL,NULL,NULL,NULL,NULL,NULL,4,NULL,'https://www.youtube.com/user/LOVELY448988',2),(35561,NULL,'UCgNBSxvqQMhVYBo-XSnmbqg',NULL,NULL,NULL,NULL,NULL,NULL,NULL,NULL,4,NULL,'https://www.youtube.com/user/TWworldofwarcraft',2),(35562,NULL,'UCDByd1QSyVIR01cCqTHYv3Q',NULL,NULL,NULL,NULL,NULL,NULL,NULL,NULL,4,NULL,'https://www.youtube.com/user/loveyaphets',2),(35563,NULL,'UCzdu3g9Flm5U5VvlXDlskDQ',NULL,NULL,NULL,NULL,NULL,NULL,NULL,NULL,4,NULL,'https://www.youtube.com/user/sunjinlin',2),(35564,NULL,'UCVg4n4pK6sRRYSOUFCmm6Xg','1ubs1ubs1ubs','影片大都出於自己之手(自己前往攝影) 少部分為朋友提供 原始檔為MTS清晰檔案 新上傳的為1080以上 HD檔 希望以這些影片分享同好 如你有好影片 願與你交換 透過訊息可交換意見 歡迎觀賞 敬請批評指教\nThe movie mostly through the messages out of the hands (their own travel photography) small portion of the original file as a friend as a clear MTS files new uploaded more than 1080 HD files hope to share these videos enthusiasts such as you have a good movie and you would like to exchange exchangeableopinions welcome viewing please comments or suggestions\nほとんど外に自分の手の動画（彼は写真を旅）友人は良い映画がメッセージを通して交換と引き換えに、あなたと一緒に動作しても構­­わないと思って持っているように、これらの映画の愛好家を共有するように元のファイルの小さな部分は、複数の1080のHDフ­ァ­イルアップロードMTSクリアファイルです。私たちはあなたの閲覧を歓迎するコメントがコメントや提案をしてください',7566651,24851,NULL,NULL,NULL,'2014-08-08 15:52:00',32,NULL,'https://www.youtube.com/user/1ubs1ubs1ubs',2),(35565,NULL,'UCVYXLIQAGfTJ0RcPeoDeSKg',NULL,NULL,NULL,NULL,NULL,NULL,NULL,NULL,4,NULL,'https://www.youtube.com/user/WOWGFI',2),(35566,NULL,'UCu91ggq1m4fUjNUaAZksHDQ',NULL,NULL,NULL,NULL,NULL,NULL,NULL,NULL,4,NULL,'https://www.youtube.com/channel/UCu91ggq1m4fUjNUaAZksHDQ',2),(35567,NULL,'UCahKjkez9olNwcpc5pZwzvg','SMG上海电视台官方频道 SMG Shanghai TV Official','看看新闻网是上海东方传媒集团有限公司（SMG）上海广播电视台旗下的网络新闻媒体，是中国专业的视频新闻网站，提供最新最热的­视频新闻在线播放，24小时视频直播及海量视频新闻搜索。\n\n我们的YouTube频道汇集SMG(上海东方传媒集团有限公司)旗下电视频道的内容：\n\n包括东方卫视（中国达人秀China\'s Got Talent、顶级厨师Master Chef、声动亚洲Asian Wave、舞林大会Let\'s Shake It、东方直播室、百里挑一、谁能百里挑一、梦立方、看东方、东方午新闻、东方新闻、子午线、双城记、环球周刊、娱乐星天地、劳­动最光荣、大爱东方、1001个真相、今晚80后脱口秀、如鱼得水 Chinese Idol 中国梦之声）星尚、纪实、新娱乐、艺术人文、新闻综合、ICS等频道在内的所有节目节目同步更新。\n\n同时，我们的一线记者也会采集娱乐、民生等更多好玩的视频分享给大家。\n\n所有最新最热门最Fashion的华语视频，尽在看看新闻网官方频道！',81078774,68886,NULL,NULL,NULL,'2014-08-08 18:00:41',4,NULL,'https://www.youtube.com/channel/UCahKjkez9olNwcpc5pZwzvg',2),(35573,NULL,'UCdUdP5BeOsua_j3u-0ZbL5w','TYT University','Feed your brain every day with new videos at 12pm Eastern/9am Pacific!\n\nTYTU is here every day to challenge your preconceptions, expose you to amazing new facts and scientific discoveries, motivate you to see things from new perspectives, and inspire you to learn more about the world and the people around you. \n\nHosted by John Iadarola, Lisa Ferguson and friends.\n\nCheck out our channel trailer here: http://bit.ly/MeWIpu',164538853,329776,NULL,NULL,'2014-08-08 15:48:58','2014-08-08 18:00:34',4,NULL,'https://www.youtube.com/channel/UCdUdP5BeOsua_j3u-0ZbL5w',2),(35597,NULL,'UCOdHwyB1YmTx_j4uLFE9pNA','innotechexhaust','IPE (Innotech Performance Exhaust) is a world\'s leading manufacturer of high performance exhaust system that tunes up a Supercar to be even more unique.\n\niPE has the most distinctive competency of high quality craftsmanship, and advanced Valvetronic technologies, not only that, we constantly focus on developing evolution performance exhaust systems for different supercar models. \n\nIPE believes all the drivers can connect their car with unique style, you can enjoy better driving through exhaust system, we can help you make your journey more exciting, and experience the difference.',1894320,4931,NULL,NULL,'2014-08-08 15:49:02','2014-08-08 15:49:02',32,NULL,'https://www.youtube.com/user/innotechexhaust',2),(35604,NULL,'UCQEXGI1msO1vtK9gv9z_sSw','El Cid','Follow & Like Rodrigo for great justice.\nhttp://www.facebook.com/stingingfoam\nhttps://twitter.com/StingingFoam',31543767,194413,NULL,NULL,'2014-08-08 15:49:02','2014-08-08 18:00:34',4,NULL,'https://www.youtube.com/channel/UCQEXGI1msO1vtK9gv9z_sSw',2),(35605,NULL,'UCmEbe0XH51CI09gm_9Fcn8Q','GRArkada','A series of Anime reviews and shorts placed on the internet for your enjoyment! \n\nUnless you don\'t like them of course, in which case.... why are you reading this? If you don\'t like them, you shouldn\'t be here, but hey suit yourself.',16239462,195870,NULL,NULL,'2014-08-08 15:49:03','2014-08-08 18:00:34',4,NULL,'https://www.youtube.com/channel/UCmEbe0XH51CI09gm_9Fcn8Q',2),(35616,NULL,'UCKl0gSq0JOcdzXTrS4gk2cg','VOGUE TV Taiwan','關於時尚，VOGUE說了算！\n自從1892年第一本VOGUE在美國出版以來，至今已有120年的歷史，\n始終被時尚專業人士所推崇，因此榮譽為「Fashion Bible時尚聖經」。\n\n「VOGUE 台灣 IPad APP on iTunes」\n進入時尚王國,只在一鍵之間。 \n立即下載VOGUE國際中文版iPad版,最新流行撇步,快速在指掌中任你擺弄。\nVOGUE iPad版雜誌每月五號發行。',4258160,11401,NULL,NULL,'2014-08-08 15:49:04','2014-08-08 15:49:04',32,NULL,'https://www.youtube.com/user/voguetvtaiwan',2),(35656,NULL,'UCEQ7LZmWKb39yFw2OKHBKMQ','《军情解码》官方频道 BTV JunQingJieMa Official Channel——拨开历史迷雾，揭开军情谜团','最酷的国际军事栏目。以军情\"揭秘\"为主打，选题涵盖军旅文化与战争文化，解析中外历史上的著名战争及政治战、经济战、心理战、­文化战、情报战等不为人知的幕后故事。\n\n主持人：罗旭\n每日更新！\n\nCoolest international military columns. In military \"Secret\" based play, topics covering military culture and the culture of war, analytical famous Chinese and foreign history of war and political warfare, economic warfare, psychological warfare, cultural warfare, information warfare, untold story behind.',3979753,13771,NULL,NULL,'2014-08-08 15:49:09','2014-08-08 15:49:09',32,NULL,'https://www.youtube.com/user/junqingjiema',2),(35697,NULL,'UC_KWBGMEUFQRWQHA4VGEApw','57健康同學會','http://facebook.com/57healthy\n主持人張雅芳、隋安德，與潘懷宗博士，週一至週五晚間8點55分，在57頻道 東森財經新聞台《57健康同學會》！\nhttp://bit.ly/LT41NP 《57健康同學會》精選100集DVD，詳請請洽發行商：百科網（02-2388-2933；02-2370-1139）\nhttp://bit.ly/jDJnRn 《57健康同學會：為健康把關的57堂課》，出版日期：2011年04月18日 ISBN：9789575658847\nhttp://bit.ly/KUypeC 《57健康同學會：保健室養生6大招》，出版日期：2012年04月30日 ISBN：9789868826304',3106951,23121,NULL,NULL,'2014-08-08 15:49:14','2014-08-08 15:49:14',32,NULL,'https://www.youtube.com/user/57healthy',2),(35748,NULL,'UCdyLbMOMLPJX8HW4jWIJLYA','showgirl2016','分享以車展,內衣等展會活動為主的Showgirl高清短片.按播放清單可以找到同類型的影片',1545823,7396,NULL,NULL,'2014-08-08 15:49:21','2014-08-08 15:49:21',32,NULL,'https://www.youtube.com/user/showgirl2016',2),(36211,NULL,'UCwos4KCWom07Nx_4Y4a5Ygw','littlecanargie','本頻道會不定期發布英文網路影片的翻譯！目前慢慢在翻 Whose Line is it Anyway。如果有想翻譯的網路影片也歡迎留訊息給我唷！',1977456,7026,NULL,NULL,'2014-08-08 15:50:21','2014-08-08 15:50:21',32,NULL,'https://www.youtube.com/user/littlecanargie',2),(36237,NULL,'UCzvrwmsTGN9RbqVqMJymxhg','fo3ne2con1','我的所有影片總共分類成38個 播放清單。\n所有影片的分類名稱：\n※爆笑一籮筐\n※歡樂夏夏叫\n※巴西電視台 RedeTV 的 Te Peguei 整人節目\n※巴西 SBT 電視台的整人節目 \n※巴西 Sorria Você Está Na Record 整人節目 \n※LG 84 吋超高畫質大電視~偽裝成大的玻璃窗\n※魔術師整人\n※委內瑞拉電視台 Venevision 的 Que Locura 整人節目\n※在街上整人；在超商、百貨公司整人；在學院整人；在咖啡店整人；在電梯整人；在公園整人；在圖書館整人；在殯儀館整人；在滑雪­場整人；在醫院整人；在車上整人；在遊樂場整人；在家具店整人；在公司整人；在飯店、旅館整人；在廁所整人；在地毯店整人；在動­物園整人；在市場整人；在海灘整人；在森林整人；在衛浴設備店整人；在停車場整人；在公眾場所整人。',8458093,7142,NULL,NULL,'2014-08-08 15:50:24','2014-08-08 15:50:24',32,NULL,'https://www.youtube.com/user/fo3ne2con1',2),(36273,NULL,'UCRNAb3chSScskscLLc_4LpA','正妹大冒險','正妹大冒險\n認真拍攝最真實最搞笑的街頭惡搞. 在影片中你會看到很多正妹!  因為我們發現正妹的反應最可愛, 也最誇張, 當然也最搞笑! \n請訂閱我們, 我們將繼續拍攝影片讓大家天天開心! 歡迎加朋友跟我們合作\n問題，合作，請在我們臉書專頁私訊我們，或是寄信到 contact@taiwanprank.com',5045516,10409,NULL,NULL,'2014-08-08 15:50:29','2014-08-08 15:50:29',32,NULL,'https://www.youtube.com/user/FunCuteMei',2),(36433,NULL,'UC9UVSM-UqC9HQn28_dhZypQ','阿宅的祕密花園','放輕鬆一下，看個正妹吧。\n影片大都出於自己之手，以最真實的男性角度來拍攝，少部分為朋友提供。',1602220,13586,NULL,NULL,'2014-08-08 15:50:49','2014-08-08 15:50:49',32,NULL,'https://www.youtube.com/channel/UC9UVSM-UqC9HQn28_dhZypQ',2),(36470,NULL,'UCMFYhD8q1axdmdVR30EDExA','觸電網','更多更新高畫質電影預告請上觸電網查詢：http://www.truemovie.com/',20646385,20230,NULL,NULL,'2014-08-08 15:50:54','2014-08-08 15:50:54',32,NULL,'https://www.youtube.com/user/truemovie1',2);
/*!40000 ALTER TABLE `owner` ENABLE KEYS */;
UNLOCK TABLES;

--
-- Dumping data for table `site`
--

LOCK TABLES `site` WRITE;
/*!40000 ALTER TABLE `site` DISABLE KEYS */;
REPLACE INTO `site` VALUES (1,'youku','yk'),(2,'youtube','youtube'),(3,'sohu','sohu'),(4,'ifeng','ifeng');
/*!40000 ALTER TABLE `site` ENABLE KEYS */;
UNLOCK TABLES;

--
-- Dumping data for table `task`
--

LOCK TABLES `task` WRITE;
/*!40000 ALTER TABLE `task` DISABLE KEYS */;
/*!40000 ALTER TABLE `task` ENABLE KEYS */;
UNLOCK TABLES;
/*!40103 SET TIME_ZONE=@OLD_TIME_ZONE */;

/*!40101 SET SQL_MODE=@OLD_SQL_MODE */;
/*!40014 SET FOREIGN_KEY_CHECKS=@OLD_FOREIGN_KEY_CHECKS */;
/*!40014 SET UNIQUE_CHECKS=@OLD_UNIQUE_CHECKS */;
/*!40101 SET CHARACTER_SET_CLIENT=@OLD_CHARACTER_SET_CLIENT */;
/*!40101 SET CHARACTER_SET_RESULTS=@OLD_CHARACTER_SET_RESULTS */;
/*!40101 SET COLLATION_CONNECTION=@OLD_COLLATION_CONNECTION */;
/*!40111 SET SQL_NOTES=@OLD_SQL_NOTES */;

-- Dump completed on 2014-08-08 18:04:51
